id,review
1,"The dual-zone cooking feature is remarkably precise, allowing me to finish chicken wings and fries simultaneously. However, the heating fan spikes to a loud drone when running both baskets at maximum temperature."
2,The digital control panel is entirely unresponsive on the left side. It took our household three days just to figure out how to set a manual timer because the touch sensors are so inconsistent.
3,The rapid air circulation technology works like a dream. Crispy exterior on frozen foods with virtually no preheating time required.
4,"Not bad, but not great either. The automated preset modes are standard, but the temperature accuracy on the bake setting fluctuates by roughly 25 degrees."
5,"Extremely disappointed with the constant thermal fuse tripping. We tried running back-to-back batches for a family gathering, and it shut down completely twice before finishing."
6,"The outer casing design looks sleek, but I wish the digital LED display was angled upward. Staring down at a flat panel on a low kitchen counter strains your neck."
7,"Custom cooking profile programming is surprisingly intuitive. Even without reading the manual, I managed to save my own time and temperature slots in under a minute."
8,The non-stick coating on the crisper plate began peeling off into our food after only three weeks of gentle hand washing. Complete safety hazard.
9,Great feature set for the price point. The automated shake reminder halfway through cooking saved our meals from burning on the bottom.
10,Frequent power management glitches keep resetting the clock whenever the basket is pulled out to check food. It completely ruins the countdown timer.
11,The dehydration mode produces brilliantly uniform dried fruit snacks. You genuinely cannot tell the texture apart from store-bought bags.
12,Electrical burning smells persist even after running five empty burnout cycles out of the box. Worried about internal wiring issues.
13,Solid appliance for basic meal prep. It cuts down dinner cooking times significantly compared to using a traditional wall oven.
14,"The smart-probe meat thermometer accessory hallucinates temperature readings constantly, jumping 40 degrees in seconds. Needs heavy recalibration."
15,Fast fan speeds and clean internal chamber geometry. This has easily cut our weeknight dinner preparation time in half.
16,"Cleaning the dishwasher-safe baskets is seamless, but the upper heating element grid is impossible to wipe down properly from grease splatters."
17,The exterior plastic housing gets dangerously hot to the touch during high-heat roasting cycles. A major burn risk if you have toddlers.
18,A very capable kitchen machine. The large capacity basket easily accommodates a whole four-pound roast chicken.
19,The auto-shutoff safety trigger is way too sensitive. Opening the basket for even two seconds cancels the entire program entirely.
20,The automated moisture-lock steam function is a lifesaver. Generating extra humidity kept our pork chops juicy while crisping the skin.
21,Unboxing and setup was a breeze. The quick-start pictorial guide got me cooking my first batch of french fries in under ten minutes.
22,The basket release button layout makes zero sense. Why is the safety guard positioned directly under the handle where your thumb naturally rests?
23,The menu selection wheel is overly sensitive and skips past settings if you turn it even slightly too fast. Finding basic options feels clumsy.
24,Our family loves the dual-basket independent controls. Being able to synchronize finish times for different foods has streamlined dinner coordination.
25,The companion smartphone recipe app is practically useless. It crashes immediately upon searching and fails to sync with smart appliance models.
26,"Acoustic feedback is helpful, but the completion beep is piercingly loud and rings four separate times with no way to lower the volume."
27,"The touch-capacitive buttons respond instantly, even when handling them with damp kitchen fingers."
28,The sliding mechanism for the crisper drawer is sticky. Pulling the basket out requires a hard physical tug that shakes the entire kitchen counter.
29,The matte black finish looks gorgeous on the countertop. It resists fingerprint smudges and matches modern kitchen aesthetics cleanly.
30,Inserting the basket back into the unit tracks crookedly. You have to wiggle it back and forth to line up the internal runners correctly.
31,Clear display panel indicators give an immediate snapshot of progress. Knowing the exact core temperature and remaining minutes helps multitasking cooks immensely.
32,The font size for time increments on the LED screen is tiny. Reading the minute countdown from across the kitchen is a struggle.
33,"Switching between cooking modes like air fry, roast, and reheat using the single toggle button is smooth and friction-free."
34,Accidentally hitting the power button wipes out your entire customized cooking program with no confirmation prompt. Lost a complex recipe setup because of this.
35,"The physical build feels solid and commercial-grade, giving confidence that it will withstand heavy daily family use."
36,"The heavy footprint takes up massive amounts of counter space, leaving very little room for standard food prep."
37,The pull-out grease trap drawer at the bottom is extremely straightforward to empty and clean out after heavy frying sessions.
38,Instruction manual translation quality is poor. The English grammar instructions for cooking times are confusing and filled with typos.
39,The memory backup feature saved dinner when our kitchen breaker flickered. It resumed right where it left off without clearing settings.
40,Too many unnecessary submenu screens just to change the default temperature from Fahrenheit to Celsius.
41,"Customer support took four days to respond regarding a defective heating coil. By the time they replied, the return window had already closed."
42,"The appliance delivery was prompt, arriving two days ahead of schedule in double-walled protective cardboard packaging."
43,We submitted a warranty replacement request for a cracked basket three weeks ago and have heard absolute silence from their support team.
44,"Buying directly from the brand store online was smooth, and the seasonal discount code applied properly without any system bugs."
45,The live chat agent was polite and shipped out a replacement crisper plate free of charge when mine arrived with a scratched coating.
46,Trying to process a return for a unit that arrived dented was a nightmare. They demand you pay expensive return shipping costs out of pocket.
47,The package was dropped off by the courier carrier right in front of my garage door in the rain instead of on the covered porch.
48,"Promotional discount codes listed on their official website failed at checkout, forcing me to pay full retail price."
49,"Their online recipe blog and troubleshooting FAQ section are comprehensive, well-organized, and solved my setup question immediately."
50,The main power board blew out after two weeks. Their customer care line put me on an endless automated hold loop for over an hour.
51,The extended protection plan registration process was straightforward and activated instantly via email confirmation.
52,Getting a replacement tracking number after a shipping delay required talking to three different tier-one customer service reps.
53,Appliance registration support walked me through redeeming my free accessory bundle over the phone with great patience.
54,"The automated marketing emails are overly aggressive, spamming my inbox daily even after opting out during checkout."
55,Delivery of the replacement parts order was delayed by three weeks with zero tracking updates provided by the logistics hub.
56,"Customer service escalated my hardware complaint straight to a supervisor, and a brand new unit was dispatched the same day."
57,The pricing structure feels predatory; basic replacement parts like a simple inner basket cost nearly half the price of a brand new air fryer.
58,"Ordered the matte black edition, but the courier delivered the gloss white model instead. Had to deal with a tedious swap process."
59,Prompt email responses and clear return authorization steps made exchanging our wrong-sized unit completely painless.
60,"The checkout web portal froze up during payment processing, resulting in a frustrating double-charge on my credit card statement."
61,"The air fryer cooks food brilliantly when it runs, but the power supply cuts out so unpredictably that I find myself hovering over it constantly."
62,"Great appliance for single portions, but it completely buckles under family-sized meal loads. Not built for heavy-duty batch cooking."
63,"I love the large viewing window and interior light, but the glass fogs up with condensation immediately during heavy steaming cycles."
64,"The price tag is steep, but the oil savings and reduced kitchen cleanup time easily justify the overall investment for our household."
65,"Terrible experience initially due to a chemical plastic smell and poor manual guides, but once broken in, it cooks chicken wonderfully."
66,"Stellar performance on crisping frozen snacks, mediocre performance on baking fresh dough. It feels like a jack of all trades, master of none."
67,"The external build is gorgeous and modern, but the fan motor sounds like a buzzing jet engine compared to our previous model."
68,"Very handy for rapid weeknight dinners, but I wouldn't trust the automated presets without checking food temperatures manually with a probe."
69,"Exceptional customer service and fast shipping, but the actual cooking basket capacity feels much smaller than advertised."
70,"Incredible feature depth, but the steep learning curve means you need to experiment with times constantly to avoid burning meals."
71,"Heating performance is lightning fast, but the exterior cool-touch handles still get surprisingly warm after an hour of use."
72,"The appliance is great, but a sudden price drop right after I purchased it left a really sour taste in my mouth."
73,"An absolute game-changer for quick weeknight meals, though the lack of a mute button for the loud beep is an annoying omission."
74,"Initial setup took way longer than expected due to stiff packaging tape residue, but now that it's running, it works like a champ."
75,"Decent cooking results, but the internal non-text icons on the control interface are too cryptic to understand without looking at the manual."
76,"The machine excels at cooking chicken wings, but square basket corners trap grease and make scrubbing tedious."
77,"Fantastic community recipe book included, but direct customer phone support is painfully slow to reach."
78,"Reliable daily operation and good energy efficiency, but the rigid automatic shut-off rules make intermittent flipping awkward."
79,"Beautiful design and sleek touch screen, but it draws so much current that it trips our older kitchen circuit breaker if the microwave is running."
80,"Solid overall kitchen tool that cooks evenly, though it occasionally retains stubborn food odors in the rubber basket seal."
81,Best kitchen gadget I've bought all year. 10/10 makes the crispiest fries ever.
82,Trash. Died completely after three uses. Don't waste your money.
83,"It's ok. Cooks food fine, nothing more nothing less."
84,OMG the window light feature is literal magic!! Love watching food crisp up!!
85,"Horrible customer service. Emailed three times about a broken handle, zero replies. Garbage."
86,"Pretty good design, but a bit loud when the convection fan kicks into high gear."
87,Super fast heat-up times. Loving it so far!
88,Sparked loudly on first plug-in. Please recall this dangerous model.
89,Extremely overpriced for a basic basket air fryer. Cheaper brands work better.
90,"Clean interface, easy buttons, very happy with how crunchy things turn out."
91,Meh. Expected way more space inside given the massive outer dimensions.
92,Absolute lifesaver for fast weeknight dinners! Cooks chicken in minutes.
93,Could be better. The basket release latch sticks constantly.
94,Terrible chemical smell that won't go away no matter what I clean it with.
95,Fast delivery and great support when we had a question about cooking temperatures.
96,Keeps throwing an error code E2 mid-cycle. Super annoying workflow killer.
97,Solid instruction manual and great preset guides. Beginners will love this.
98,Not worth the hassle. Non-stick coating scratched off immediately.
99,"Simple, lightweight, and gets the frying job done without bloating counter space."
100,Worst appliance experience of my life. Smoke detector went off instantly. Avoid at all costs.
